taskset,arrival_mode,policy,policy_family,baseline_name,representative_systems,makespan_s,mean_flow_s,p90_flow_s,completed_jobs,candidate_vs_policy_makespan,candidate_vs_policy_mean_flow,profiles
q00_light_control,static,legacy_fixed_caps,legacy,Scheduleurm legacy,[],100620.20658266514,50054.188435942626,90542.85820828275,512,11.813534232370076,11.758274739350096,"{""light_control_local"": 1}"
q00_light_control,static,scheduleurm_sota_union_online_pareto_slack,candidate,Scheduleurm theorem-facing online candidate,[],8517.36699648758,4256.933057401006,7664.059577498696,512,1.0,1.0,"{""light_control_local"": 13}"
q00_light_control,static,sota_gavel_pollux_sia_table_goodput,sota_style,throughput_table_goodput,"[""Gavel"", ""Pollux"", ""Sia"", ""Optimus"", ""AlloX""]",8517.36699648758,4256.933057401006,7664.059577498696,512,1.0,1.0,"{""light_control_local"": 13}"
q00_light_control,static,sota_srpt_gittins_mean_flow_oracle,sota_style,delay_oracle,"[""SRPT"", ""Gittins"", ""SERPT""]",8517.36699648758,4256.933057401006,7664.059577498696,512,1.0,1.0,"{""light_control_local"": 13}"
q00_light_control,static,sota_iadeep_salus_interference_guard,sota_style,interference_guard,"[""IADeep"", ""Salus""]",8517.36699648758,4256.933057401006,7664.059577498696,512,1.0,1.0,"{""light_control_local"": 13}"
q00_light_control,static,sota_quadrant_composite,sota_style,quadrant_composite,"[""Gavel/Pollux/Sia"", ""IADeep/Salus"", ""SRPT/Gittins"", ""Tiresias-style LAS"", ""AlloX/Optimus resource adaptation""]",8517.36699648758,4256.933057401006,7664.059577498696,512,1.0,1.0,"{""light_control_local"": 13}"
q00_light_control,static,sota_gavel_finish_time_fairness,sota_style,finish_time_fairness,"[""Gavel"", ""Themis"", ""Shockwave"", ""Tiresias-style LAS""]",8517.36699648758,4256.933057401006,7664.059577498696,512,1.0,1.0,"{""light_control_local"": 13}"
q00_light_control,static,sota_sia_pollux_resource_adaptive,sota_style,resource_adaptive_goodput,"[""Sia"", ""Pollux"", ""Optimus"", ""AlloX""]",8517.36699648758,4256.933057401006,7664.059577498696,512,1.0,1.0,"{""light_control_local"": 13}"
q00_light_control,static,sota_salus_iadeep_packing_guard,sota_style,packing_guard,"[""Salus"", ""IADeep"", ""Gandiva"", ""AlloX""]",8517.36699648758,4256.933057401006,7664.059577498696,512,1.0,1.0,"{""light_control_local"": 13}"
q00_light_control,static,scheduleurm_sota_union_guarded_mean_flow,candidate_union,Scheduleurm + SOTA candidate action union,"[""Gavel"", ""Pollux"", ""Sia"", ""IADeep"", ""Salus"", ""SRPT"", ""Gittins""]",8517.36699648758,4256.933057401006,7664.059577498696,512,1.0,1.0,"{""light_control_local"": 13}"
q00_light_control,static,scheduleurm_sota_union_adaptive_scalarized,candidate_union,Scheduleurm + SOTA candidate action union,"[""Gavel"", ""Pollux"", ""Sia"", ""IADeep"", ""Salus"", ""SRPT"", ""Gittins""]",8517.36699648758,4256.933057401006,7664.059577498696,512,1.0,1.0,"{""light_control_local"": 13}"
q00_light_control,static,scheduleurm_sota_union_pareto_slack,candidate_union,Scheduleurm + SOTA candidate action union,"[""Gavel"", ""Pollux"", ""Sia"", ""IADeep"", ""Salus"", ""SRPT"", ""Gittins""]",8517.36699648758,4256.933057401006,7664.059577498696,512,1.0,1.0,"{""light_control_local"": 13}"
q00_light_control,static,scheduleurm_sota_union_makespan,candidate_union,Scheduleurm + SOTA candidate action union,"[""Gavel"", ""Pollux"", ""Sia"", ""IADeep"", ""Salus"", ""SRPT"", ""Gittins""]",8517.36699648758,4256.933057401006,7664.059577498696,512,1.0,1.0,"{""light_control_local"": 13}"
q00_light_control,static,scheduleurm_sota_union_mean_flow,candidate_union,Scheduleurm + SOTA candidate action union,"[""Gavel"", ""Pollux"", ""Sia"", ""IADeep"", ""Salus"", ""SRPT"", ""Gittins""]",8517.36699648758,4256.933057401006,7664.059577498696,512,1.0,1.0,"{""light_control_local"": 13}"
q00_light_control,poisson,legacy_fixed_caps,legacy,Scheduleurm legacy,[],100850.96856993494,47067.377515230044,83920.58657580888,512,11.81863685077841,110.93801820915596,"{""light_control_local"": 1}"
q00_light_control,poisson,scheduleurm_sota_union_online_pareto_slack,candidate,Scheduleurm theorem-facing online candidate,[],8533.214942067756,424.2673366175697,570.357018897832,512,1.0,1.0,"{""light_control_local"": 13}"
q00_light_control,poisson,sota_gavel_pollux_sia_table_goodput,sota_style,throughput_table_goodput,"[""Gavel"", ""Pollux"", ""Sia"", ""Optimus"", ""AlloX""]",8533.214942067756,424.2673366175697,570.357018897832,512,1.0,1.0,"{""light_control_local"": 13}"
q00_light_control,poisson,sota_srpt_gittins_mean_flow_oracle,sota_style,delay_oracle,"[""SRPT"", ""Gittins"", ""SERPT""]",8533.214942067756,424.2673366175697,570.357018897832,512,1.0,1.0,"{""light_control_local"": 13}"
q00_light_control,poisson,sota_iadeep_salus_interference_guard,sota_style,interference_guard,"[""IADeep"", ""Salus""]",8533.214942067756,424.2673366175697,570.357018897832,512,1.0,1.0,"{""light_control_local"": 13}"
q00_light_control,poisson,sota_quadrant_composite,sota_style,quadrant_composite,"[""Gavel/Pollux/Sia"", ""IADeep/Salus"", ""SRPT/Gittins"", ""Tiresias-style LAS"", ""AlloX/Optimus resource adaptation""]",8533.214942067756,424.2673366175697,570.357018897832,512,1.0,1.0,"{""light_control_local"": 13}"
q00_light_control,poisson,sota_gavel_finish_time_fairness,sota_style,finish_time_fairness,"[""Gavel"", ""Themis"", ""Shockwave"", ""Tiresias-style LAS""]",8533.214942067756,424.2673366175697,570.357018897832,512,1.0,1.0,"{""light_control_local"": 13}"
q00_light_control,poisson,sota_sia_pollux_resource_adaptive,sota_style,resource_adaptive_goodput,"[""Sia"", ""Pollux"", ""Optimus"", ""AlloX""]",8533.214942067756,424.2673366175697,570.357018897832,512,1.0,1.0,"{""light_control_local"": 13}"
q00_light_control,poisson,sota_salus_iadeep_packing_guard,sota_style,packing_guard,"[""Salus"", ""IADeep"", ""Gandiva"", ""AlloX""]",8533.214942067756,424.2673366175697,570.357018897832,512,1.0,1.0,"{""light_control_local"": 13}"
q00_light_control,poisson,scheduleurm_sota_union_guarded_mean_flow,candidate_union,Scheduleurm + SOTA candidate action union,"[""Gavel"", ""Pollux"", ""Sia"", ""IADeep"", ""Salus"", ""SRPT"", ""Gittins""]",8533.214942067756,424.2673366175697,570.357018897832,512,1.0,1.0,"{""light_control_local"": 13}"
q00_light_control,poisson,scheduleurm_sota_union_adaptive_scalarized,candidate_union,Scheduleurm + SOTA candidate action union,"[""Gavel"", ""Pollux"", ""Sia"", ""IADeep"", ""Salus"", ""SRPT"", ""Gittins""]",8533.214942067756,424.2673366175697,570.357018897832,512,1.0,1.0,"{""light_control_local"": 13}"
q00_light_control,poisson,scheduleurm_sota_union_pareto_slack,candidate_union,Scheduleurm + SOTA candidate action union,"[""Gavel"", ""Pollux"", ""Sia"", ""IADeep"", ""Salus"", ""SRPT"", ""Gittins""]",8533.214942067756,424.2673366175697,570.357018897832,512,1.0,1.0,"{""light_control_local"": 13}"
q00_light_control,poisson,scheduleurm_sota_union_makespan,candidate_union,Scheduleurm + SOTA candidate action union,"[""Gavel"", ""Pollux"", ""Sia"", ""IADeep"", ""Salus"", ""SRPT"", ""Gittins""]",8533.214942067756,424.2673366175697,570.357018897832,512,1.0,1.0,"{""light_control_local"": 13}"
q00_light_control,poisson,scheduleurm_sota_union_mean_flow,candidate_union,Scheduleurm + SOTA candidate action union,"[""Gavel"", ""Pollux"", ""Sia"", ""IADeep"", ""Salus"", ""SRPT"", ""Gittins""]",8533.214942067756,424.2673366175697,570.357018897832,512,1.0,1.0,"{""light_control_local"": 13}"
q01_gpu_bound_compute,static,legacy_fixed_caps,legacy,Scheduleurm legacy,[],1824.495833761069,1008.8723555743818,1751.1319986272483,48,1.4698845120731505,1.5598311365363662,"{""gpu_heavy_jax_matmul"": 3}"
q01_gpu_bound_compute,static,scheduleurm_sota_union_online_pareto_slack,candidate,Scheduleurm theorem-facing online candidate,[],1241.2511450901463,646.7830600013547,1125.932500876025,48,1.0,1.0,"{""gpu_heavy_jax_matmul"": 1}"
q01_gpu_bound_compute,static,sota_gavel_pollux_sia_table_goodput,sota_style,throughput_table_goodput,"[""Gavel"", ""Pollux"", ""Sia"", ""Optimus"", ""AlloX""]",1241.2511450901463,646.7830600013547,1125.932500876025,48,1.0,1.0,"{""gpu_heavy_jax_matmul"": 1}"
q01_gpu_bound_compute,static,sota_srpt_gittins_mean_flow_oracle,sota_style,delay_oracle,"[""SRPT"", ""Gittins"", ""SERPT""]",1241.2511450901463,646.7830600013547,1125.932500876025,48,1.0,1.0,"{""gpu_heavy_jax_matmul"": 1}"
q01_gpu_bound_compute,static,sota_iadeep_salus_interference_guard,sota_style,interference_guard,"[""IADeep"", ""Salus""]",1241.2511450901463,646.7830600013547,1125.932500876025,48,1.0,1.0,"{""gpu_heavy_jax_matmul"": 1}"
q01_gpu_bound_compute,static,sota_quadrant_composite,sota_style,quadrant_composite,"[""Gavel/Pollux/Sia"", ""IADeep/Salus"", ""SRPT/Gittins"", ""Tiresias-style LAS"", ""AlloX/Optimus resource adaptation""]",1241.2511450901463,646.7830600013547,1125.932500876025,48,1.0,1.0,"{""gpu_heavy_jax_matmul"": 1}"
q01_gpu_bound_compute,static,sota_gavel_finish_time_fairness,sota_style,finish_time_fairness,"[""Gavel"", ""Themis"", ""Shockwave"", ""Tiresias-style LAS""]",1241.2511450901463,646.7830600013547,1125.932500876025,48,1.0,1.0,"{""gpu_heavy_jax_matmul"": 1}"
q01_gpu_bound_compute,static,sota_sia_pollux_resource_adaptive,sota_style,resource_adaptive_goodput,"[""Sia"", ""Pollux"", ""Optimus"", ""AlloX""]",1241.2511450901463,646.7830600013547,1125.932500876025,48,1.0,1.0,"{""gpu_heavy_jax_matmul"": 1}"
q01_gpu_bound_compute,static,sota_salus_iadeep_packing_guard,sota_style,packing_guard,"[""Salus"", ""IADeep"", ""Gandiva"", ""AlloX""]",1241.2511450901463,646.7830600013547,1125.932500876025,48,1.0,1.0,"{""gpu_heavy_jax_matmul"": 1}"
q01_gpu_bound_compute,static,scheduleurm_sota_union_guarded_mean_flow,candidate_union,Scheduleurm + SOTA candidate action union,"[""Gavel"", ""Pollux"", ""Sia"", ""IADeep"", ""Salus"", ""SRPT"", ""Gittins""]",1241.2511450901463,646.7830600013547,1125.932500876025,48,1.0,1.0,"{""gpu_heavy_jax_matmul"": 1}"
q01_gpu_bound_compute,static,scheduleurm_sota_union_adaptive_scalarized,candidate_union,Scheduleurm + SOTA candidate action union,"[""Gavel"", ""Pollux"", ""Sia"", ""IADeep"", ""Salus"", ""SRPT"", ""Gittins""]",1241.2511450901463,646.7830600013547,1125.932500876025,48,1.0,1.0,"{""gpu_heavy_jax_matmul"": 1}"
q01_gpu_bound_compute,static,scheduleurm_sota_union_pareto_slack,candidate_union,Scheduleurm + SOTA candidate action union,"[""Gavel"", ""Pollux"", ""Sia"", ""IADeep"", ""Salus"", ""SRPT"", ""Gittins""]",1241.2511450901463,646.7830600013547,1125.932500876025,48,1.0,1.0,"{""gpu_heavy_jax_matmul"": 1}"
q01_gpu_bound_compute,static,scheduleurm_sota_union_makespan,candidate_union,Scheduleurm + SOTA candidate action union,"[""Gavel"", ""Pollux"", ""Sia"", ""IADeep"", ""Salus"", ""SRPT"", ""Gittins""]",1241.2511450901463,646.7830600013547,1125.932500876025,48,1.0,1.0,"{""gpu_heavy_jax_matmul"": 1}"
q01_gpu_bound_compute,static,scheduleurm_sota_union_mean_flow,candidate_union,Scheduleurm + SOTA candidate action union,"[""Gavel"", ""Pollux"", ""Sia"", ""IADeep"", ""Salus"", ""SRPT"", ""Gittins""]",1241.2511450901463,646.7830600013547,1125.932500876025,48,1.0,1.0,"{""gpu_heavy_jax_matmul"": 1}"
q01_gpu_bound_compute,poisson,legacy_fixed_caps,legacy,Scheduleurm legacy,[],2749.616581407206,238.55065428069022,283.54772289551613,48,1.099026201099373,3.711045819559113,"{""gpu_heavy_jax_matmul"": 3}"
q01_gpu_bound_compute,poisson,scheduleurm_sota_union_online_pareto_slack,candidate,Scheduleurm theorem-facing online candidate,[],2501.866269117808,64.28124735712129,96.43375486766445,48,1.0,1.0,"{""gpu_heavy_jax_matmul"": 1}"
q01_gpu_bound_compute,poisson,sota_gavel_pollux_sia_table_goodput,sota_style,throughput_table_goodput,"[""Gavel"", ""Pollux"", ""Sia"", ""Optimus"", ""AlloX""]",2501.866269117808,64.28124735712129,96.43375486766445,48,1.0,1.0,"{""gpu_heavy_jax_matmul"": 1}"
q01_gpu_bound_compute,poisson,sota_srpt_gittins_mean_flow_oracle,sota_style,delay_oracle,"[""SRPT"", ""Gittins"", ""SERPT""]",2501.866269117808,64.28124735712129,96.43375486766445,48,1.0,1.0,"{""gpu_heavy_jax_matmul"": 1}"
q01_gpu_bound_compute,poisson,sota_iadeep_salus_interference_guard,sota_style,interference_guard,"[""IADeep"", ""Salus""]",2501.866269117808,64.28124735712129,96.43375486766445,48,1.0,1.0,"{""gpu_heavy_jax_matmul"": 1}"
q01_gpu_bound_compute,poisson,sota_quadrant_composite,sota_style,quadrant_composite,"[""Gavel/Pollux/Sia"", ""IADeep/Salus"", ""SRPT/Gittins"", ""Tiresias-style LAS"", ""AlloX/Optimus resource adaptation""]",2501.866269117808,64.28124735712129,96.43375486766445,48,1.0,1.0,"{""gpu_heavy_jax_matmul"": 1}"
q01_gpu_bound_compute,poisson,sota_gavel_finish_time_fairness,sota_style,finish_time_fairness,"[""Gavel"", ""Themis"", ""Shockwave"", ""Tiresias-style LAS""]",2501.866269117808,64.28124735712129,96.43375486766445,48,1.0,1.0,"{""gpu_heavy_jax_matmul"": 1}"
q01_gpu_bound_compute,poisson,sota_sia_pollux_resource_adaptive,sota_style,resource_adaptive_goodput,"[""Sia"", ""Pollux"", ""Optimus"", ""AlloX""]",2501.866269117808,64.28124735712129,96.43375486766445,48,1.0,1.0,"{""gpu_heavy_jax_matmul"": 1}"
q01_gpu_bound_compute,poisson,sota_salus_iadeep_packing_guard,sota_style,packing_guard,"[""Salus"", ""IADeep"", ""Gandiva"", ""AlloX""]",2501.866269117808,64.28124735712129,96.43375486766445,48,1.0,1.0,"{""gpu_heavy_jax_matmul"": 1}"
q01_gpu_bound_compute,poisson,scheduleurm_sota_union_guarded_mean_flow,candidate_union,Scheduleurm + SOTA candidate action union,"[""Gavel"", ""Pollux"", ""Sia"", ""IADeep"", ""Salus"", ""SRPT"", ""Gittins""]",2501.866269117808,64.28124735712129,96.43375486766445,48,1.0,1.0,"{""gpu_heavy_jax_matmul"": 1}"
q01_gpu_bound_compute,poisson,scheduleurm_sota_union_adaptive_scalarized,candidate_union,Scheduleurm + SOTA candidate action union,"[""Gavel"", ""Pollux"", ""Sia"", ""IADeep"", ""Salus"", ""SRPT"", ""Gittins""]",2501.866269117808,64.28124735712129,96.43375486766445,48,1.0,1.0,"{""gpu_heavy_jax_matmul"": 1}"
q01_gpu_bound_compute,poisson,scheduleurm_sota_union_pareto_slack,candidate_union,Scheduleurm + SOTA candidate action union,"[""Gavel"", ""Pollux"", ""Sia"", ""IADeep"", ""Salus"", ""SRPT"", ""Gittins""]",2501.866269117808,64.28124735712129,96.43375486766445,48,1.0,1.0,"{""gpu_heavy_jax_matmul"": 1}"
q01_gpu_bound_compute,poisson,scheduleurm_sota_union_makespan,candidate_union,Scheduleurm + SOTA candidate action union,"[""Gavel"", ""Pollux"", ""Sia"", ""IADeep"", ""Salus"", ""SRPT"", ""Gittins""]",2501.866269117808,64.28124735712129,96.43375486766445,48,1.0,1.0,"{""gpu_heavy_jax_matmul"": 1}"
q01_gpu_bound_compute,poisson,scheduleurm_sota_union_mean_flow,candidate_union,Scheduleurm + SOTA candidate action union,"[""Gavel"", ""Pollux"", ""Sia"", ""IADeep"", ""Salus"", ""SRPT"", ""Gittins""]",2501.866269117808,64.28124735712129,96.43375486766445,48,1.0,1.0,"{""gpu_heavy_jax_matmul"": 1}"
q01_gpu_bound_cnn_resnet50,static,legacy_fixed_caps,legacy,Scheduleurm legacy,[],59.85100686429461,31.35676014760901,54.272738479440925,64,1.2502856460764087,1.1625953012407846,"{""gpu_cnn_torch_resnet50"": 3}"
q01_gpu_bound_cnn_resnet50,static,scheduleurm_sota_union_online_pareto_slack,candidate,Scheduleurm theorem-facing online candidate,[],47.86986641981887,26.97134601709071,44.859761780717015,64,1.0,1.0,"{""gpu_cnn_torch_resnet50"": 5}"
q01_gpu_bound_cnn_resnet50,static,sota_gavel_pollux_sia_table_goodput,sota_style,throughput_table_goodput,"[""Gavel"", ""Pollux"", ""Sia"", ""Optimus"", ""AlloX""]",52.737700053556594,27.75346826459462,47.461535585993744,64,1.1016888911083813,1.0289982653074974,"{""gpu_cnn_torch_resnet50"": 4}"
q01_gpu_bound_cnn_resnet50,static,sota_srpt_gittins_mean_flow_oracle,sota_style,delay_oracle,"[""SRPT"", ""Gittins"", ""SERPT""]",51.546273361099466,27.081215901506756,44.866288675261245,64,1.0768000250729446,1.0040735780982686,"{""gpu_cnn_torch_resnet50"": 5}"
q01_gpu_bound_cnn_resnet50,static,sota_iadeep_salus_interference_guard,sota_style,interference_guard,"[""IADeep"", ""Salus""]",47.54677761099491,27.603744027454226,46.835558361401965,64,0.9932506849718261,1.023447031896843,"{""gpu_cnn_torch_resnet50"": 5}"
q01_gpu_bound_cnn_resnet50,static,sota_quadrant_composite,sota_style,quadrant_composite,"[""Gavel/Pollux/Sia"", ""IADeep/Salus"", ""SRPT/Gittins"", ""Tiresias-style LAS"", ""AlloX/Optimus resource adaptation""]",52.737700053556594,27.75346826459462,47.461535585993744,64,1.1016888911083813,1.0289982653074974,"{""gpu_cnn_torch_resnet50"": 4}"
q01_gpu_bound_cnn_resnet50,static,sota_gavel_finish_time_fairness,sota_style,finish_time_fairness,"[""Gavel"", ""Themis"", ""Shockwave"", ""Tiresias-style LAS""]",50.61415467536091,27.605017823293117,46.6563522448505,64,1.0573280951209394,1.023494259641357,"{""gpu_cnn_torch_resnet50"": 4}"
q01_gpu_bound_cnn_resnet50,static,sota_sia_pollux_resource_adaptive,sota_style,resource_adaptive_goodput,"[""Sia"", ""Pollux"", ""Optimus"", ""AlloX""]",47.86986641981887,26.97134601709071,44.859761780717015,64,1.0,1.0,"{""gpu_cnn_torch_resnet50"": 5}"
q01_gpu_bound_cnn_resnet50,static,sota_salus_iadeep_packing_guard,sota_style,packing_guard,"[""Salus"", ""IADeep"", ""Gandiva"", ""AlloX""]",50.61415467536091,27.605017823293117,46.6563522448505,64,1.0573280951209394,1.023494259641357,"{""gpu_cnn_torch_resnet50"": 4}"
q01_gpu_bound_cnn_resnet50,static,scheduleurm_sota_union_guarded_mean_flow,candidate_union,Scheduleurm + SOTA candidate action union,"[""Gavel"", ""Pollux"", ""Sia"", ""IADeep"", ""Salus"", ""SRPT"", ""Gittins""]",47.86986641981887,26.97134601709071,44.859761780717015,64,1.0,1.0,"{""gpu_cnn_torch_resnet50"": 5}"
q01_gpu_bound_cnn_resnet50,static,scheduleurm_sota_union_adaptive_scalarized,candidate_union,Scheduleurm + SOTA candidate action union,"[""Gavel"", ""Pollux"", ""Sia"", ""IADeep"", ""Salus"", ""SRPT"", ""Gittins""]",47.54677761099491,27.603744027454226,46.835558361401965,64,0.9932506849718261,1.023447031896843,"{""gpu_cnn_torch_resnet50"": 5}"
q01_gpu_bound_cnn_resnet50,static,scheduleurm_sota_union_pareto_slack,candidate_union,Scheduleurm + SOTA candidate action union,"[""Gavel"", ""Pollux"", ""Sia"", ""IADeep"", ""Salus"", ""SRPT"", ""Gittins""]",47.86986641981887,26.97134601709071,44.859761780717015,64,1.0,1.0,"{""gpu_cnn_torch_resnet50"": 5}"
q01_gpu_bound_cnn_resnet50,static,scheduleurm_sota_union_makespan,candidate_union,Scheduleurm + SOTA candidate action union,"[""Gavel"", ""Pollux"", ""Sia"", ""IADeep"", ""Salus"", ""SRPT"", ""Gittins""]",47.86986641981887,26.97134601709071,44.859761780717015,64,1.0,1.0,"{""gpu_cnn_torch_resnet50"": 5}"
q01_gpu_bound_cnn_resnet50,static,scheduleurm_sota_union_mean_flow,candidate_union,Scheduleurm + SOTA candidate action union,"[""Gavel"", ""Pollux"", ""Sia"", ""IADeep"", ""Salus"", ""SRPT"", ""Gittins""]",47.86986641981887,26.97134601709071,44.859761780717015,64,1.0,1.0,"{""gpu_cnn_torch_resnet50"": 5}"
q01_gpu_bound_cnn_resnet50,poisson,legacy_fixed_caps,legacy,Scheduleurm legacy,[],3329.5511565671477,5.299844993365313,5.596206016987402,64,1.0008732008711019,2.118934408865908,"{""gpu_cnn_torch_resnet50"": 3}"
q01_gpu_bound_cnn_resnet50,poisson,scheduleurm_sota_union_online_pareto_slack,candidate,Scheduleurm theorem-facing online candidate,[],3326.6463260973514,2.5011840721402443,2.6410473082942616,64,1.0,1.0,"{""gpu_cnn_torch_resnet50"": 1}"
q01_gpu_bound_cnn_resnet50,poisson,sota_gavel_pollux_sia_table_goodput,sota_style,throughput_table_goodput,"[""Gavel"", ""Pollux"", ""Sia"", ""Optimus"", ""AlloX""]",3330.3760655076394,6.094604081487136,6.4354070873150775,64,1.0011211710066767,2.436687547059273,"{""gpu_cnn_torch_resnet50"": 4}"
q01_gpu_bound_cnn_resnet50,poisson,sota_srpt_gittins_mean_flow_oracle,sota_style,delay_oracle,"[""SRPT"", ""Gittins"", ""SERPT""]",3331.581076601638,7.255572851775855,7.661295849336874,64,1.0014834010052627,2.9008552119745894,"{""gpu_cnn_torch_resnet50"": 5}"
q01_gpu_bound_cnn_resnet50,poisson,sota_iadeep_salus_interference_guard,sota_style,interference_guard,"[""IADeep"", ""Salus""]",3326.6463260973514,2.5011840721402443,2.6410473082942616,64,1.0,1.0,"{""gpu_cnn_torch_resnet50"": 1}"
q01_gpu_bound_cnn_resnet50,poisson,sota_quadrant_composite,sota_style,quadrant_composite,"[""Gavel/Pollux/Sia"", ""IADeep/Salus"", ""SRPT/Gittins"", ""Tiresias-style LAS"", ""AlloX/Optimus resource adaptation""]",3330.3760655076394,6.094604081487136,6.4354070873150775,64,1.0011211710066767,2.436687547059273,"{""gpu_cnn_torch_resnet50"": 4}"
q01_gpu_bound_cnn_resnet50,poisson,sota_gavel_finish_time_fairness,sota_style,finish_time_fairness,"[""Gavel"", ""Themis"", ""Shockwave"", ""Tiresias-style LAS""]",3326.6463260973514,2.5011840721402443,2.6410473082942616,64,1.0,1.0,"{""gpu_cnn_torch_resnet50"": 1}"
q01_gpu_bound_cnn_resnet50,poisson,sota_sia_pollux_resource_adaptive,sota_style,resource_adaptive_goodput,"[""Sia"", ""Pollux"", ""Optimus"", ""AlloX""]",3326.6463260973514,2.5011840721402443,2.6410473082942616,64,1.0,1.0,"{""gpu_cnn_torch_resnet50"": 1}"
q01_gpu_bound_cnn_resnet50,poisson,sota_salus_iadeep_packing_guard,sota_style,packing_guard,"[""Salus"", ""IADeep"", ""Gandiva"", ""AlloX""]",3326.6463260973514,2.5011840721402443,2.6410473082942616,64,1.0,1.0,"{""gpu_cnn_torch_resnet50"": 1}"
q01_gpu_bound_cnn_resnet50,poisson,scheduleurm_sota_union_guarded_mean_flow,candidate_union,Scheduleurm + SOTA candidate action union,"[""Gavel"", ""Pollux"", ""Sia"", ""IADeep"", ""Salus"", ""SRPT"", ""Gittins""]",3326.6463260973514,2.5011840721402443,2.6410473082942616,64,1.0,1.0,"{""gpu_cnn_torch_resnet50"": 1}"
q01_gpu_bound_cnn_resnet50,poisson,scheduleurm_sota_union_adaptive_scalarized,candidate_union,Scheduleurm + SOTA candidate action union,"[""Gavel"", ""Pollux"", ""Sia"", ""IADeep"", ""Salus"", ""SRPT"", ""Gittins""]",3326.6463260973514,2.5011840721402443,2.6410473082942616,64,1.0,1.0,"{""gpu_cnn_torch_resnet50"": 1}"
q01_gpu_bound_cnn_resnet50,poisson,scheduleurm_sota_union_pareto_slack,candidate_union,Scheduleurm + SOTA candidate action union,"[""Gavel"", ""Pollux"", ""Sia"", ""IADeep"", ""Salus"", ""SRPT"", ""Gittins""]",3326.6463260973514,2.5011840721402443,2.6410473082942616,64,1.0,1.0,"{""gpu_cnn_torch_resnet50"": 1}"
q01_gpu_bound_cnn_resnet50,poisson,scheduleurm_sota_union_makespan,candidate_union,Scheduleurm + SOTA candidate action union,"[""Gavel"", ""Pollux"", ""Sia"", ""IADeep"", ""Salus"", ""SRPT"", ""Gittins""]",3326.6463260973514,2.5011840721402443,2.6410473082942616,64,1.0,1.0,"{""gpu_cnn_torch_resnet50"": 1}"
q01_gpu_bound_cnn_resnet50,poisson,scheduleurm_sota_union_mean_flow,candidate_union,Scheduleurm + SOTA candidate action union,"[""Gavel"", ""Pollux"", ""Sia"", ""IADeep"", ""Salus"", ""SRPT"", ""Gittins""]",3326.6463260973514,2.5011840721402443,2.6410473082942616,64,1.0,1.0,"{""gpu_cnn_torch_resnet50"": 1}"
q01_gpu_bound_llm_inference,static,legacy_fixed_caps,legacy,Scheduleurm legacy,[],9.789491024979778,4.988116552486704,8.744002086953005,160,2.7074693670366465,2.620905818447409,"{""gpu_llm_distilgpt2"": 3}"
q01_gpu_bound_llm_inference,static,scheduleurm_sota_union_online_pareto_slack,candidate,Scheduleurm theorem-facing online candidate,[],3.6157347315417563,1.9032032808571506,3.251156285845909,160,1.0,1.0,"{""gpu_llm_distilgpt2"": 8}"
q01_gpu_bound_llm_inference,static,sota_gavel_pollux_sia_table_goodput,sota_style,throughput_table_goodput,"[""Gavel"", ""Pollux"", ""Sia"", ""Optimus"", ""AlloX""]",3.6157347315417563,1.9032032808571506,3.251156285845909,160,1.0,1.0,"{""gpu_llm_distilgpt2"": 8}"
q01_gpu_bound_llm_inference,static,sota_srpt_gittins_mean_flow_oracle,sota_style,delay_oracle,"[""SRPT"", ""Gittins"", ""SERPT""]",3.6157347315417563,1.9032032808571506,3.251156285845909,160,1.0,1.0,"{""gpu_llm_distilgpt2"": 8}"
q01_gpu_bound_llm_inference,static,sota_iadeep_salus_interference_guard,sota_style,interference_guard,"[""IADeep"", ""Salus""]",3.6100820023445035,1.9031497997473428,3.251156285845909,160,0.9984366305559029,0.9999718994232798,"{""gpu_llm_distilgpt2"": 8}"
q01_gpu_bound_llm_inference,static,sota_quadrant_composite,sota_style,quadrant_composite,"[""Gavel/Pollux/Sia"", ""IADeep/Salus"", ""SRPT/Gittins"", ""Tiresias-style LAS"", ""AlloX/Optimus resource adaptation""]",3.6157347315417563,1.9032032808571506,3.251156285845909,160,1.0,1.0,"{""gpu_llm_distilgpt2"": 8}"
q01_gpu_bound_llm_inference,static,sota_gavel_finish_time_fairness,sota_style,finish_time_fairness,"[""Gavel"", ""Themis"", ""Shockwave"", ""Tiresias-style LAS""]",3.6062255243705352,1.903094999507621,3.251156285845909,160,0.9973700484473411,0.9999431057361982,"{""gpu_llm_distilgpt2"": 8}"
q01_gpu_bound_llm_inference,static,sota_sia_pollux_resource_adaptive,sota_style,resource_adaptive_goodput,"[""Sia"", ""Pollux"", ""Optimus"", ""AlloX""]",3.6062255243705352,1.903094999507621,3.251156285845909,160,0.9973700484473411,0.9999431057361982,"{""gpu_llm_distilgpt2"": 8}"
q01_gpu_bound_llm_inference,static,sota_salus_iadeep_packing_guard,sota_style,packing_guard,"[""Salus"", ""IADeep"", ""Gandiva"", ""AlloX""]",3.6062255243705352,1.903094999507621,3.251156285845909,160,0.9973700484473411,0.9999431057361982,"{""gpu_llm_distilgpt2"": 8}"
q01_gpu_bound_llm_inference,static,scheduleurm_sota_union_guarded_mean_flow,candidate_union,Scheduleurm + SOTA candidate action union,"[""Gavel"", ""Pollux"", ""Sia"", ""IADeep"", ""Salus"", ""SRPT"", ""Gittins""]",3.6100820023445035,1.9031497997473428,3.251156285845909,160,0.9984366305559029,0.9999718994232798,"{""gpu_llm_distilgpt2"": 8}"
q01_gpu_bound_llm_inference,static,scheduleurm_sota_union_adaptive_scalarized,candidate_union,Scheduleurm + SOTA candidate action union,"[""Gavel"", ""Pollux"", ""Sia"", ""IADeep"", ""Salus"", ""SRPT"", ""Gittins""]",3.6062255243705352,1.903094999507621,3.251156285845909,160,0.9973700484473411,0.9999431057361982,"{""gpu_llm_distilgpt2"": 8}"
q01_gpu_bound_llm_inference,static,scheduleurm_sota_union_pareto_slack,candidate_union,Scheduleurm + SOTA candidate action union,"[""Gavel"", ""Pollux"", ""Sia"", ""IADeep"", ""Salus"", ""SRPT"", ""Gittins""]",3.6157347315417563,1.9032032808571506,3.251156285845909,160,1.0,1.0,"{""gpu_llm_distilgpt2"": 8}"
q01_gpu_bound_llm_inference,static,scheduleurm_sota_union_makespan,candidate_union,Scheduleurm + SOTA candidate action union,"[""Gavel"", ""Pollux"", ""Sia"", ""IADeep"", ""Salus"", ""SRPT"", ""Gittins""]",3.6062255243705352,1.903094999507621,3.251156285845909,160,0.9973700484473411,0.9999431057361982,"{""gpu_llm_distilgpt2"": 8}"
q01_gpu_bound_llm_inference,static,scheduleurm_sota_union_mean_flow,candidate_union,Scheduleurm + SOTA candidate action union,"[""Gavel"", ""Pollux"", ""Sia"", ""IADeep"", ""Salus"", ""SRPT"", ""Gittins""]",3.6100820023445035,1.9031497997473428,3.251156285845909,160,0.9984366305559029,0.9999718994232798,"{""gpu_llm_distilgpt2"": 8}"
q01_gpu_bound_llm_inference,poisson,legacy_fixed_caps,legacy,Scheduleurm legacy,[],2340.0758227571846,0.359260645520447,0.3875022915834876,160,1.0000062283909381,1.0423450374651295,"{""gpu_llm_distilgpt2"": 3}"
q01_gpu_bound_llm_inference,poisson,scheduleurm_sota_union_online_pareto_slack,candidate,Scheduleurm theorem-facing online candidate,[],2340.0612479409133,0.3446657609596627,0.37176009637447294,160,1.0,1.0,"{""gpu_llm_distilgpt2"": 8}"
q01_gpu_bound_llm_inference,poisson,sota_gavel_pollux_sia_table_goodput,sota_style,throughput_table_goodput,"[""Gavel"", ""Pollux"", ""Sia"", ""Optimus"", ""AlloX""]",2340.0612479409133,0.3446657609596627,0.37176009637447294,160,1.0,1.0,"{""gpu_llm_distilgpt2"": 8}"
q01_gpu_bound_llm_inference,poisson,sota_srpt_gittins_mean_flow_oracle,sota_style,delay_oracle,"[""SRPT"", ""Gittins"", ""SERPT""]",2340.0612479409133,0.3446657609596627,0.37176009637447294,160,1.0,1.0,"{""gpu_llm_distilgpt2"": 8}"
q01_gpu_bound_llm_inference,poisson,sota_iadeep_salus_interference_guard,sota_style,interference_guard,"[""IADeep"", ""Salus""]",2339.9409771015457,0.22422931881630295,0.24185608962442018,160,0.9999486035506663,0.6505703328116342,"{""gpu_llm_distilgpt2"": 1}"
q01_gpu_bound_llm_inference,poisson,sota_quadrant_composite,sota_style,quadrant_composite,"[""Gavel/Pollux/Sia"", ""IADeep/Salus"", ""SRPT/Gittins"", ""Tiresias-style LAS"", ""AlloX/Optimus resource adaptation""]",2340.0612479409133,0.3446657609596627,0.37176009637447294,160,1.0,1.0,"{""gpu_llm_distilgpt2"": 8}"
q01_gpu_bound_llm_inference,poisson,sota_gavel_finish_time_fairness,sota_style,finish_time_fairness,"[""Gavel"", ""Themis"", ""Shockwave"", ""Tiresias-style LAS""]",2339.9409771015457,0.22422931881630295,0.24185608962442018,160,0.9999486035506663,0.6505703328116342,"{""gpu_llm_distilgpt2"": 1}"
q01_gpu_bound_llm_inference,poisson,sota_sia_pollux_resource_adaptive,sota_style,resource_adaptive_goodput,"[""Sia"", ""Pollux"", ""Optimus"", ""AlloX""]",2339.9409771015457,0.22422931881630295,0.24185608962442018,160,0.9999486035506663,0.6505703328116342,"{""gpu_llm_distilgpt2"": 1}"
q01_gpu_bound_llm_inference,poisson,sota_salus_iadeep_packing_guard,sota_style,packing_guard,"[""Salus"", ""IADeep"", ""Gandiva"", ""AlloX""]",2339.9409771015457,0.22422931881630295,0.24185608962442018,160,0.9999486035506663,0.6505703328116342,"{""gpu_llm_distilgpt2"": 1}"
q01_gpu_bound_llm_inference,poisson,scheduleurm_sota_union_guarded_mean_flow,candidate_union,Scheduleurm + SOTA candidate action union,"[""Gavel"", ""Pollux"", ""Sia"", ""IADeep"", ""Salus"", ""SRPT"", ""Gittins""]",2339.9409771015457,0.22422931881630295,0.24185608962442018,160,0.9999486035506663,0.6505703328116342,"{""gpu_llm_distilgpt2"": 1}"
q01_gpu_bound_llm_inference,poisson,scheduleurm_sota_union_adaptive_scalarized,candidate_union,Scheduleurm + SOTA candidate action union,"[""Gavel"", ""Pollux"", ""Sia"", ""IADeep"", ""Salus"", ""SRPT"", ""Gittins""]",2339.9409771015457,0.22422931881630295,0.24185608962442018,160,0.9999486035506663,0.6505703328116342,"{""gpu_llm_distilgpt2"": 1}"
q01_gpu_bound_llm_inference,poisson,scheduleurm_sota_union_pareto_slack,candidate_union,Scheduleurm + SOTA candidate action union,"[""Gavel"", ""Pollux"", ""Sia"", ""IADeep"", ""Salus"", ""SRPT"", ""Gittins""]",2340.0612479409133,0.3446657609596627,0.37176009637447294,160,1.0,1.0,"{""gpu_llm_distilgpt2"": 8}"
q01_gpu_bound_llm_inference,poisson,scheduleurm_sota_union_makespan,candidate_union,Scheduleurm + SOTA candidate action union,"[""Gavel"", ""Pollux"", ""Sia"", ""IADeep"", ""Salus"", ""SRPT"", ""Gittins""]",2339.9409771015457,0.22422931881630295,0.24185608962442018,160,0.9999486035506663,0.6505703328116342,"{""gpu_llm_distilgpt2"": 1}"
q01_gpu_bound_llm_inference,poisson,scheduleurm_sota_union_mean_flow,candidate_union,Scheduleurm + SOTA candidate action union,"[""Gavel"", ""Pollux"", ""Sia"", ""IADeep"", ""Salus"", ""SRPT"", ""Gittins""]",2339.9409771015457,0.22422931881630295,0.24185608962442018,160,0.9999486035506663,0.6505703328116342,"{""gpu_llm_distilgpt2"": 1}"
q01_gpu_model_portfolio,static,legacy_fixed_caps,legacy,Scheduleurm legacy,[],1338.3158038791462,138.4205236177507,680.7765973939732,176,1.612836213470199,1.5990987342622922,"{""gpu_cnn_torch_resnet50"": 3, ""gpu_heavy_jax_matmul"": 3, ""gpu_llm_distilgpt2"": 3}"
q01_gpu_model_portfolio,static,scheduleurm_sota_union_online_pareto_slack,candidate,Scheduleurm theorem-facing online candidate,[],829.7902742396941,86.56158663123941,419.28561721898745,176,1.0,1.0,"{""gpu_cnn_torch_resnet50"": 5, ""gpu_heavy_jax_matmul"": 1, ""gpu_llm_distilgpt2"": 8}"
q01_gpu_model_portfolio,static,sota_gavel_pollux_sia_table_goodput,sota_style,throughput_table_goodput,"[""Gavel"", ""Pollux"", ""Sia"", ""Optimus"", ""AlloX""]",829.7902742396941,86.61783476102146,419.28561721898745,176,1.0,1.0006498047456278,"{""gpu_cnn_torch_resnet50"": 5, ""gpu_heavy_jax_matmul"": 1, ""gpu_llm_distilgpt2"": 8}"
q01_gpu_model_portfolio,static,sota_srpt_gittins_mean_flow_oracle,sota_style,delay_oracle,"[""SRPT"", ""Gittins"", ""SERPT""]",829.7902742396941,86.61783476102146,419.28561721898745,176,1.0,1.0006498047456278,"{""gpu_cnn_torch_resnet50"": 5, ""gpu_heavy_jax_matmul"": 1, ""gpu_llm_distilgpt2"": 8}"
q01_gpu_model_portfolio,static,sota_iadeep_salus_interference_guard,sota_style,interference_guard,"[""IADeep"", ""Salus""]",829.7902742396941,86.73333484090921,419.28561721898745,176,1.0,1.0019841157764524,"{""gpu_cnn_torch_resnet50"": 5, ""gpu_heavy_jax_matmul"": 1, ""gpu_llm_distilgpt2"": 8}"
q01_gpu_model_portfolio,static,sota_quadrant_composite,sota_style,quadrant_composite,"[""Gavel/Pollux/Sia"", ""IADeep/Salus"", ""SRPT/Gittins"", ""Tiresias-style LAS"", ""AlloX/Optimus resource adaptation""]",829.7902742396941,86.61783476102146,419.28561721898745,176,1.0,1.0006498047456278,"{""gpu_cnn_torch_resnet50"": 5, ""gpu_heavy_jax_matmul"": 1, ""gpu_llm_distilgpt2"": 8}"
q01_gpu_model_portfolio,static,sota_gavel_finish_time_fairness,sota_style,finish_time_fairness,"[""Gavel"", ""Themis"", ""Shockwave"", ""Tiresias-style LAS""]",829.7902742396941,86.56133162965659,419.28561721898745,176,1.0,0.9999970541022555,"{""gpu_cnn_torch_resnet50"": 5, ""gpu_heavy_jax_matmul"": 1, ""gpu_llm_distilgpt2"": 8}"
q01_gpu_model_portfolio,static,sota_sia_pollux_resource_adaptive,sota_style,resource_adaptive_goodput,"[""Sia"", ""Pollux"", ""Optimus"", ""AlloX""]",829.7902742396941,86.56133162965659,419.28561721898745,176,1.0,0.9999970541022555,"{""gpu_cnn_torch_resnet50"": 5, ""gpu_heavy_jax_matmul"": 1, ""gpu_llm_distilgpt2"": 8}"
q01_gpu_model_portfolio,static,sota_salus_iadeep_packing_guard,sota_style,packing_guard,"[""Salus"", ""IADeep"", ""Gandiva"", ""AlloX""]",829.7902742396941,86.56133162965659,419.28561721898745,176,1.0,0.9999970541022555,"{""gpu_cnn_torch_resnet50"": 5, ""gpu_heavy_jax_matmul"": 1, ""gpu_llm_distilgpt2"": 8}"
q01_gpu_model_portfolio,static,scheduleurm_sota_union_guarded_mean_flow,candidate_union,Scheduleurm + SOTA candidate action union,"[""Gavel"", ""Pollux"", ""Sia"", ""IADeep"", ""Salus"", ""SRPT"", ""Gittins""]",829.7902742396941,86.56133162965659,419.28561721898745,176,1.0,0.9999970541022555,"{""gpu_cnn_torch_resnet50"": 5, ""gpu_heavy_jax_matmul"": 1, ""gpu_llm_distilgpt2"": 8}"
q01_gpu_model_portfolio,static,scheduleurm_sota_union_adaptive_scalarized,candidate_union,Scheduleurm + SOTA candidate action union,"[""Gavel"", ""Pollux"", ""Sia"", ""IADeep"", ""Salus"", ""SRPT"", ""Gittins""]",829.7902742396941,86.56133162965659,419.28561721898745,176,1.0,0.9999970541022555,"{""gpu_cnn_torch_resnet50"": 5, ""gpu_heavy_jax_matmul"": 1, ""gpu_llm_distilgpt2"": 8}"
q01_gpu_model_portfolio,static,scheduleurm_sota_union_pareto_slack,candidate_union,Scheduleurm + SOTA candidate action union,"[""Gavel"", ""Pollux"", ""Sia"", ""IADeep"", ""Salus"", ""SRPT"", ""Gittins""]",829.7902742396941,86.56158663123941,419.28561721898745,176,1.0,1.0,"{""gpu_cnn_torch_resnet50"": 5, ""gpu_heavy_jax_matmul"": 1, ""gpu_llm_distilgpt2"": 8}"
q01_gpu_model_portfolio,static,scheduleurm_sota_union_makespan,candidate_union,Scheduleurm + SOTA candidate action union,"[""Gavel"", ""Pollux"", ""Sia"", ""IADeep"", ""Salus"", ""SRPT"", ""Gittins""]",829.7902742396941,86.7332575757083,419.28561721898745,176,1.0,1.0019832231726553,"{""gpu_cnn_torch_resnet50"": 5, ""gpu_heavy_jax_matmul"": 1, ""gpu_llm_distilgpt2"": 8}"
q01_gpu_model_portfolio,static,scheduleurm_sota_union_mean_flow,candidate_union,Scheduleurm + SOTA candidate action union,"[""Gavel"", ""Pollux"", ""Sia"", ""IADeep"", ""Salus"", ""SRPT"", ""Gittins""]",829.7902742396941,86.56133162965659,419.28561721898745,176,1.0,0.9999970541022555,"{""gpu_cnn_torch_resnet50"": 5, ""gpu_heavy_jax_matmul"": 1, ""gpu_llm_distilgpt2"": 8}"
q01_gpu_model_portfolio,poisson,legacy_fixed_caps,legacy,Scheduleurm legacy,[],2684.8744338412903,44.84043404875158,223.72539760152745,176,1.0011008317509509,3.701626625934259,"{""gpu_cnn_torch_resnet50"": 3, ""gpu_heavy_jax_matmul"": 3, ""gpu_llm_distilgpt2"": 3}"
q01_gpu_model_portfolio,poisson,scheduleurm_sota_union_online_pareto_slack,candidate,Scheduleurm theorem-facing online candidate,[],2681.922088852305,12.11371069534444,53.03751156746796,176,1.0,1.0,"{""gpu_cnn_torch_resnet50"": 1, ""gpu_heavy_jax_matmul"": 1, ""gpu_llm_distilgpt2"": 8}"
q01_gpu_model_portfolio,poisson,sota_gavel_pollux_sia_table_goodput,sota_style,throughput_table_goodput,"[""Gavel"", ""Pollux"", ""Sia"", ""Optimus"", ""AlloX""]",2686.9375574225746,13.410168649893041,53.03751156746796,176,1.001870102264013,1.1070240149491815,"{""gpu_cnn_torch_resnet50"": 5, ""gpu_heavy_jax_matmul"": 1, ""gpu_llm_distilgpt2"": 8}"
q01_gpu_model_portfolio,poisson,sota_srpt_gittins_mean_flow_oracle,sota_style,delay_oracle,"[""SRPT"", ""Gittins"", ""SERPT""]",2686.9375574225746,13.410168649893041,53.03751156746796,176,1.001870102264013,1.1070240149491815,"{""gpu_cnn_torch_resnet50"": 5, ""gpu_heavy_jax_matmul"": 1, ""gpu_llm_distilgpt2"": 8}"
q01_gpu_model_portfolio,poisson,sota_iadeep_salus_interference_guard,sota_style,interference_guard,"[""IADeep"", ""Salus""]",2681.922088852305,12.04778824848198,53.03751156746796,176,1.0,0.9945580302749186,"{""gpu_cnn_torch_resnet50"": 1, ""gpu_heavy_jax_matmul"": 1, ""gpu_llm_distilgpt2"": 1}"
q01_gpu_model_portfolio,poisson,sota_quadrant_composite,sota_style,quadrant_composite,"[""Gavel/Pollux/Sia"", ""IADeep/Salus"", ""SRPT/Gittins"", ""Tiresias-style LAS"", ""AlloX/Optimus resource adaptation""]",2686.9375574225746,13.410168649893041,53.03751156746796,176,1.001870102264013,1.1070240149491815,"{""gpu_cnn_torch_resnet50"": 5, ""gpu_heavy_jax_matmul"": 1, ""gpu_llm_distilgpt2"": 8}"
q01_gpu_model_portfolio,poisson,sota_gavel_finish_time_fairness,sota_style,finish_time_fairness,"[""Gavel"", ""Themis"", ""Shockwave"", ""Tiresias-style LAS""]",2681.922088852305,12.04778824848198,53.03751156746796,176,1.0,0.9945580302749186,"{""gpu_cnn_torch_resnet50"": 1, ""gpu_heavy_jax_matmul"": 1, ""gpu_llm_distilgpt2"": 1}"
q01_gpu_model_portfolio,poisson,sota_sia_pollux_resource_adaptive,sota_style,resource_adaptive_goodput,"[""Sia"", ""Pollux"", ""Optimus"", ""AlloX""]",2681.922088852305,12.04778824848198,53.03751156746796,176,1.0,0.9945580302749186,"{""gpu_cnn_torch_resnet50"": 1, ""gpu_heavy_jax_matmul"": 1, ""gpu_llm_distilgpt2"": 1}"
q01_gpu_model_portfolio,poisson,sota_salus_iadeep_packing_guard,sota_style,packing_guard,"[""Salus"", ""IADeep"", ""Gandiva"", ""AlloX""]",2681.922088852305,12.04778824848198,53.03751156746796,176,1.0,0.9945580302749186,"{""gpu_cnn_torch_resnet50"": 1, ""gpu_heavy_jax_matmul"": 1, ""gpu_llm_distilgpt2"": 1}"
q01_gpu_model_portfolio,poisson,scheduleurm_sota_union_guarded_mean_flow,candidate_union,Scheduleurm + SOTA candidate action union,"[""Gavel"", ""Pollux"", ""Sia"", ""IADeep"", ""Salus"", ""SRPT"", ""Gittins""]",2681.922088852305,12.04778824848198,53.03751156746796,176,1.0,0.9945580302749186,"{""gpu_cnn_torch_resnet50"": 1, ""gpu_heavy_jax_matmul"": 1, ""gpu_llm_distilgpt2"": 1}"
q01_gpu_model_portfolio,poisson,scheduleurm_sota_union_adaptive_scalarized,candidate_union,Scheduleurm + SOTA candidate action union,"[""Gavel"", ""Pollux"", ""Sia"", ""IADeep"", ""Salus"", ""SRPT"", ""Gittins""]",2681.922088852305,12.04778824848198,53.03751156746796,176,1.0,0.9945580302749186,"{""gpu_cnn_torch_resnet50"": 1, ""gpu_heavy_jax_matmul"": 1, ""gpu_llm_distilgpt2"": 1}"
q01_gpu_model_portfolio,poisson,scheduleurm_sota_union_pareto_slack,candidate_union,Scheduleurm + SOTA candidate action union,"[""Gavel"", ""Pollux"", ""Sia"", ""IADeep"", ""Salus"", ""SRPT"", ""Gittins""]",2681.922088852305,12.11371069534444,53.03751156746796,176,1.0,1.0,"{""gpu_cnn_torch_resnet50"": 1, ""gpu_heavy_jax_matmul"": 1, ""gpu_llm_distilgpt2"": 8}"
q01_gpu_model_portfolio,poisson,scheduleurm_sota_union_makespan,candidate_union,Scheduleurm + SOTA candidate action union,"[""Gavel"", ""Pollux"", ""Sia"", ""IADeep"", ""Salus"", ""SRPT"", ""Gittins""]",2681.922088852305,12.04778824848198,53.03751156746796,176,1.0,0.9945580302749186,"{""gpu_cnn_torch_resnet50"": 1, ""gpu_heavy_jax_matmul"": 1, ""gpu_llm_distilgpt2"": 1}"
q01_gpu_model_portfolio,poisson,scheduleurm_sota_union_mean_flow,candidate_union,Scheduleurm + SOTA candidate action union,"[""Gavel"", ""Pollux"", ""Sia"", ""IADeep"", ""Salus"", ""SRPT"", ""Gittins""]",2681.922088852305,12.04778824848198,53.03751156746796,176,1.0,0.9945580302749186,"{""gpu_cnn_torch_resnet50"": 1, ""gpu_heavy_jax_matmul"": 1, ""gpu_llm_distilgpt2"": 1}"
q10_cpu_host_bound,static,legacy_fixed_caps,legacy,Scheduleurm legacy,[],7316.850636808872,3684.103902028207,6519.705126466464,256,1.538921896691465,1.5346512572206448,"{""cpu_heavy_local_bench"": 9}"
q10_cpu_host_bound,static,scheduleurm_sota_union_online_pareto_slack,candidate,Scheduleurm theorem-facing online candidate,[],4754.530202305524,2400.61309349224,4249.5083014417305,256,1.0,1.0,"{""cpu_heavy_local_bench"": 8}"
q10_cpu_host_bound,static,sota_gavel_pollux_sia_table_goodput,sota_style,throughput_table_goodput,"[""Gavel"", ""Pollux"", ""Sia"", ""Optimus"", ""AlloX""]",4754.530202305524,2400.61309349224,4249.5083014417305,256,1.0,1.0,"{""cpu_heavy_local_bench"": 8}"
q10_cpu_host_bound,static,sota_srpt_gittins_mean_flow_oracle,sota_style,delay_oracle,"[""SRPT"", ""Gittins"", ""SERPT""]",4754.530202305524,2400.61309349224,4249.5083014417305,256,1.0,1.0,"{""cpu_heavy_local_bench"": 8}"
q10_cpu_host_bound,static,sota_iadeep_salus_interference_guard,sota_style,interference_guard,"[""IADeep"", ""Salus""]",4754.530202305524,2400.61309349224,4249.5083014417305,256,1.0,1.0,"{""cpu_heavy_local_bench"": 8}"
q10_cpu_host_bound,static,sota_quadrant_composite,sota_style,quadrant_composite,"[""Gavel/Pollux/Sia"", ""IADeep/Salus"", ""SRPT/Gittins"", ""Tiresias-style LAS"", ""AlloX/Optimus resource adaptation""]",4754.530202305524,2400.61309349224,4249.5083014417305,256,1.0,1.0,"{""cpu_heavy_local_bench"": 8}"
q10_cpu_host_bound,static,sota_gavel_finish_time_fairness,sota_style,finish_time_fairness,"[""Gavel"", ""Themis"", ""Shockwave"", ""Tiresias-style LAS""]",4754.530202305524,2400.61309349224,4249.5083014417305,256,1.0,1.0,"{""cpu_heavy_local_bench"": 8}"
q10_cpu_host_bound,static,sota_sia_pollux_resource_adaptive,sota_style,resource_adaptive_goodput,"[""Sia"", ""Pollux"", ""Optimus"", ""AlloX""]",4754.530202305524,2400.61309349224,4249.5083014417305,256,1.0,1.0,"{""cpu_heavy_local_bench"": 8}"
q10_cpu_host_bound,static,sota_salus_iadeep_packing_guard,sota_style,packing_guard,"[""Salus"", ""IADeep"", ""Gandiva"", ""AlloX""]",4754.530202305524,2400.61309349224,4249.5083014417305,256,1.0,1.0,"{""cpu_heavy_local_bench"": 8}"
q10_cpu_host_bound,static,scheduleurm_sota_union_guarded_mean_flow,candidate_union,Scheduleurm + SOTA candidate action union,"[""Gavel"", ""Pollux"", ""Sia"", ""IADeep"", ""Salus"", ""SRPT"", ""Gittins""]",4754.530202305524,2400.61309349224,4249.5083014417305,256,1.0,1.0,"{""cpu_heavy_local_bench"": 8}"
q10_cpu_host_bound,static,scheduleurm_sota_union_adaptive_scalarized,candidate_union,Scheduleurm + SOTA candidate action union,"[""Gavel"", ""Pollux"", ""Sia"", ""IADeep"", ""Salus"", ""SRPT"", ""Gittins""]",4754.530202305524,2400.61309349224,4249.5083014417305,256,1.0,1.0,"{""cpu_heavy_local_bench"": 8}"
q10_cpu_host_bound,static,scheduleurm_sota_union_pareto_slack,candidate_union,Scheduleurm + SOTA candidate action union,"[""Gavel"", ""Pollux"", ""Sia"", ""IADeep"", ""Salus"", ""SRPT"", ""Gittins""]",4754.530202305524,2400.61309349224,4249.5083014417305,256,1.0,1.0,"{""cpu_heavy_local_bench"": 8}"
q10_cpu_host_bound,static,scheduleurm_sota_union_makespan,candidate_union,Scheduleurm + SOTA candidate action union,"[""Gavel"", ""Pollux"", ""Sia"", ""IADeep"", ""Salus"", ""SRPT"", ""Gittins""]",4754.530202305524,2400.61309349224,4249.5083014417305,256,1.0,1.0,"{""cpu_heavy_local_bench"": 8}"
q10_cpu_host_bound,static,scheduleurm_sota_union_mean_flow,candidate_union,Scheduleurm + SOTA candidate action union,"[""Gavel"", ""Pollux"", ""Sia"", ""IADeep"", ""Salus"", ""SRPT"", ""Gittins""]",4754.530202305524,2400.61309349224,4249.5083014417305,256,1.0,1.0,"{""cpu_heavy_local_bench"": 8}"
q10_cpu_host_bound,poisson,legacy_fixed_caps,legacy,Scheduleurm legacy,[],7407.1170095597845,1869.6651557033588,3017.3110325338844,256,1.5408307051913013,3.281242256813829,"{""cpu_heavy_local_bench"": 9}"
q10_cpu_host_bound,poisson,scheduleurm_sota_union_online_pareto_slack,candidate,Scheduleurm theorem-facing online candidate,[],4807.22313269332,569.804058758786,816.9250064736029,256,1.0,1.0,"{""cpu_heavy_local_bench"": 8}"
q10_cpu_host_bound,poisson,sota_gavel_pollux_sia_table_goodput,sota_style,throughput_table_goodput,"[""Gavel"", ""Pollux"", ""Sia"", ""Optimus"", ""AlloX""]",4807.22313269332,569.804058758786,816.9250064736029,256,1.0,1.0,"{""cpu_heavy_local_bench"": 8}"
q10_cpu_host_bound,poisson,sota_srpt_gittins_mean_flow_oracle,sota_style,delay_oracle,"[""SRPT"", ""Gittins"", ""SERPT""]",4807.22313269332,569.804058758786,816.9250064736029,256,1.0,1.0,"{""cpu_heavy_local_bench"": 8}"
q10_cpu_host_bound,poisson,sota_iadeep_salus_interference_guard,sota_style,interference_guard,"[""IADeep"", ""Salus""]",4807.22313269332,569.804058758786,816.9250064736029,256,1.0,1.0,"{""cpu_heavy_local_bench"": 8}"
q10_cpu_host_bound,poisson,sota_quadrant_composite,sota_style,quadrant_composite,"[""Gavel/Pollux/Sia"", ""IADeep/Salus"", ""SRPT/Gittins"", ""Tiresias-style LAS"", ""AlloX/Optimus resource adaptation""]",4807.22313269332,569.804058758786,816.9250064736029,256,1.0,1.0,"{""cpu_heavy_local_bench"": 8}"
q10_cpu_host_bound,poisson,sota_gavel_finish_time_fairness,sota_style,finish_time_fairness,"[""Gavel"", ""Themis"", ""Shockwave"", ""Tiresias-style LAS""]",4807.22313269332,569.804058758786,816.9250064736029,256,1.0,1.0,"{""cpu_heavy_local_bench"": 8}"
q10_cpu_host_bound,poisson,sota_sia_pollux_resource_adaptive,sota_style,resource_adaptive_goodput,"[""Sia"", ""Pollux"", ""Optimus"", ""AlloX""]",4807.22313269332,569.804058758786,816.9250064736029,256,1.0,1.0,"{""cpu_heavy_local_bench"": 8}"
q10_cpu_host_bound,poisson,sota_salus_iadeep_packing_guard,sota_style,packing_guard,"[""Salus"", ""IADeep"", ""Gandiva"", ""AlloX""]",4807.22313269332,569.804058758786,816.9250064736029,256,1.0,1.0,"{""cpu_heavy_local_bench"": 8}"
q10_cpu_host_bound,poisson,scheduleurm_sota_union_guarded_mean_flow,candidate_union,Scheduleurm + SOTA candidate action union,"[""Gavel"", ""Pollux"", ""Sia"", ""IADeep"", ""Salus"", ""SRPT"", ""Gittins""]",4807.22313269332,569.804058758786,816.9250064736029,256,1.0,1.0,"{""cpu_heavy_local_bench"": 8}"
q10_cpu_host_bound,poisson,scheduleurm_sota_union_adaptive_scalarized,candidate_union,Scheduleurm + SOTA candidate action union,"[""Gavel"", ""Pollux"", ""Sia"", ""IADeep"", ""Salus"", ""SRPT"", ""Gittins""]",4807.22313269332,569.804058758786,816.9250064736029,256,1.0,1.0,"{""cpu_heavy_local_bench"": 8}"
q10_cpu_host_bound,poisson,scheduleurm_sota_union_pareto_slack,candidate_union,Scheduleurm + SOTA candidate action union,"[""Gavel"", ""Pollux"", ""Sia"", ""IADeep"", ""Salus"", ""SRPT"", ""Gittins""]",4807.22313269332,569.804058758786,816.9250064736029,256,1.0,1.0,"{""cpu_heavy_local_bench"": 8}"
q10_cpu_host_bound,poisson,scheduleurm_sota_union_makespan,candidate_union,Scheduleurm + SOTA candidate action union,"[""Gavel"", ""Pollux"", ""Sia"", ""IADeep"", ""Salus"", ""SRPT"", ""Gittins""]",4807.22313269332,569.804058758786,816.9250064736029,256,1.0,1.0,"{""cpu_heavy_local_bench"": 8}"
q10_cpu_host_bound,poisson,scheduleurm_sota_union_mean_flow,candidate_union,Scheduleurm + SOTA candidate action union,"[""Gavel"", ""Pollux"", ""Sia"", ""IADeep"", ""Salus"", ""SRPT"", ""Gittins""]",4807.22313269332,569.804058758786,816.9250064736029,256,1.0,1.0,"{""cpu_heavy_local_bench"": 8}"
q11_cpu_gpu_coupled,static,legacy_fixed_caps,legacy,Scheduleurm legacy,[],31514.142099266286,16061.346443886794,28300.303067130797,160,1.0046342614586417,1.000122361487776,"{""hybrid_rl_resac_ant"": 5}"
q11_cpu_gpu_coupled,static,scheduleurm_sota_union_online_pareto_slack,candidate,Scheduleurm theorem-facing online candidate,[],31368.77101275691,16059.381394086655,28300.303067130797,160,1.0,1.0,"{""hybrid_rl_resac_ant"": 5}"
q11_cpu_gpu_coupled,static,sota_gavel_pollux_sia_table_goodput,sota_style,throughput_table_goodput,"[""Gavel"", ""Pollux"", ""Sia"", ""Optimus"", ""AlloX""]",31514.142099266286,16061.346443886794,28300.303067130797,160,1.0046342614586417,1.000122361487776,"{""hybrid_rl_resac_ant"": 5}"
q11_cpu_gpu_coupled,static,sota_srpt_gittins_mean_flow_oracle,sota_style,delay_oracle,"[""SRPT"", ""Gittins"", ""SERPT""]",31514.142099266286,16061.346443886794,28300.303067130797,160,1.0046342614586417,1.000122361487776,"{""hybrid_rl_resac_ant"": 5}"
q11_cpu_gpu_coupled,static,sota_iadeep_salus_interference_guard,sota_style,interference_guard,"[""IADeep"", ""Salus""]",31639.262618729805,16070.267010642632,28300.303067130797,160,1.0086229583512498,1.0006778353592116,"{""hybrid_rl_resac_ant"": 5}"
q11_cpu_gpu_coupled,static,sota_quadrant_composite,sota_style,quadrant_composite,"[""Gavel/Pollux/Sia"", ""IADeep/Salus"", ""SRPT/Gittins"", ""Tiresias-style LAS"", ""AlloX/Optimus resource adaptation""]",31514.142099266286,16061.346443886794,28300.303067130797,160,1.0046342614586417,1.000122361487776,"{""hybrid_rl_resac_ant"": 5}"
q11_cpu_gpu_coupled,static,sota_gavel_finish_time_fairness,sota_style,finish_time_fairness,"[""Gavel"", ""Themis"", ""Shockwave"", ""Tiresias-style LAS""]",31368.77101275691,16059.381394086655,28300.303067130797,160,1.0,1.0,"{""hybrid_rl_resac_ant"": 5}"
q11_cpu_gpu_coupled,static,sota_sia_pollux_resource_adaptive,sota_style,resource_adaptive_goodput,"[""Sia"", ""Pollux"", ""Optimus"", ""AlloX""]",31368.77101275691,16059.381394086655,28300.303067130797,160,1.0,1.0,"{""hybrid_rl_resac_ant"": 5}"
q11_cpu_gpu_coupled,static,sota_salus_iadeep_packing_guard,sota_style,packing_guard,"[""Salus"", ""IADeep"", ""Gandiva"", ""AlloX""]",31368.77101275691,16059.381394086655,28300.303067130797,160,1.0,1.0,"{""hybrid_rl_resac_ant"": 5}"
q11_cpu_gpu_coupled,static,scheduleurm_sota_union_guarded_mean_flow,candidate_union,Scheduleurm + SOTA candidate action union,"[""Gavel"", ""Pollux"", ""Sia"", ""IADeep"", ""Salus"", ""SRPT"", ""Gittins""]",31514.142099266286,16061.346443886794,28300.303067130797,160,1.0046342614586417,1.000122361487776,"{""hybrid_rl_resac_ant"": 5}"
q11_cpu_gpu_coupled,static,scheduleurm_sota_union_adaptive_scalarized,candidate_union,Scheduleurm + SOTA candidate action union,"[""Gavel"", ""Pollux"", ""Sia"", ""IADeep"", ""Salus"", ""SRPT"", ""Gittins""]",31368.77101275691,16059.381394086655,28300.303067130797,160,1.0,1.0,"{""hybrid_rl_resac_ant"": 5}"
q11_cpu_gpu_coupled,static,scheduleurm_sota_union_pareto_slack,candidate_union,Scheduleurm + SOTA candidate action union,"[""Gavel"", ""Pollux"", ""Sia"", ""IADeep"", ""Salus"", ""SRPT"", ""Gittins""]",31368.77101275691,16059.381394086655,28300.303067130797,160,1.0,1.0,"{""hybrid_rl_resac_ant"": 5}"
q11_cpu_gpu_coupled,static,scheduleurm_sota_union_makespan,candidate_union,Scheduleurm + SOTA candidate action union,"[""Gavel"", ""Pollux"", ""Sia"", ""IADeep"", ""Salus"", ""SRPT"", ""Gittins""]",31368.77101275691,16059.381394086655,28300.303067130797,160,1.0,1.0,"{""hybrid_rl_resac_ant"": 5}"
q11_cpu_gpu_coupled,static,scheduleurm_sota_union_mean_flow,candidate_union,Scheduleurm + SOTA candidate action union,"[""Gavel"", ""Pollux"", ""Sia"", ""IADeep"", ""Salus"", ""SRPT"", ""Gittins""]",31514.142099266286,16061.346443886794,28300.303067130797,160,1.0046342614586417,1.000122361487776,"{""hybrid_rl_resac_ant"": 5}"
q11_cpu_gpu_coupled,poisson,legacy_fixed_caps,legacy,Scheduleurm legacy,[],31624.78536301598,14839.592746183556,26317.955187388572,160,1.0155131846666448,1.000479591827651,"{""hybrid_rl_resac_ant"": 5}"
q11_cpu_gpu_coupled,poisson,scheduleurm_sota_union_online_pareto_slack,candidate,Scheduleurm theorem-facing online candidate,[],31141.67874974191,14832.47921037046,26101.67619167327,160,1.0,1.0,"{""hybrid_rl_resac_ant"": 5}"
q11_cpu_gpu_coupled,poisson,sota_gavel_pollux_sia_table_goodput,sota_style,throughput_table_goodput,"[""Gavel"", ""Pollux"", ""Sia"", ""Optimus"", ""AlloX""]",31624.78536301598,14839.592746183556,26317.955187388572,160,1.0155131846666448,1.000479591827651,"{""hybrid_rl_resac_ant"": 5}"
q11_cpu_gpu_coupled,poisson,sota_srpt_gittins_mean_flow_oracle,sota_style,delay_oracle,"[""SRPT"", ""Gittins"", ""SERPT""]",31624.78536301598,14839.592746183556,26317.955187388572,160,1.0155131846666448,1.000479591827651,"{""hybrid_rl_resac_ant"": 5}"
q11_cpu_gpu_coupled,poisson,sota_iadeep_salus_interference_guard,sota_style,interference_guard,"[""IADeep"", ""Salus""]",31682.94000108458,14862.065877976553,26355.1054270735,160,1.0173806060903878,1.0019947216636182,"{""hybrid_rl_resac_ant"": 5}"
q11_cpu_gpu_coupled,poisson,sota_quadrant_composite,sota_style,quadrant_composite,"[""Gavel/Pollux/Sia"", ""IADeep/Salus"", ""SRPT/Gittins"", ""Tiresias-style LAS"", ""AlloX/Optimus resource adaptation""]",31624.78536301598,14839.592746183556,26317.955187388572,160,1.0155131846666448,1.000479591827651,"{""hybrid_rl_resac_ant"": 5}"
q11_cpu_gpu_coupled,poisson,sota_gavel_finish_time_fairness,sota_style,finish_time_fairness,"[""Gavel"", ""Themis"", ""Shockwave"", ""Tiresias-style LAS""]",31141.67874974191,14832.47921037046,26101.67619167327,160,1.0,1.0,"{""hybrid_rl_resac_ant"": 5}"
q11_cpu_gpu_coupled,poisson,sota_sia_pollux_resource_adaptive,sota_style,resource_adaptive_goodput,"[""Sia"", ""Pollux"", ""Optimus"", ""AlloX""]",31141.67874974191,14832.47921037046,26101.67619167327,160,1.0,1.0,"{""hybrid_rl_resac_ant"": 5}"
q11_cpu_gpu_coupled,poisson,sota_salus_iadeep_packing_guard,sota_style,packing_guard,"[""Salus"", ""IADeep"", ""Gandiva"", ""AlloX""]",31141.67874974191,14832.47921037046,26101.67619167327,160,1.0,1.0,"{""hybrid_rl_resac_ant"": 5}"
q11_cpu_gpu_coupled,poisson,scheduleurm_sota_union_guarded_mean_flow,candidate_union,Scheduleurm + SOTA candidate action union,"[""Gavel"", ""Pollux"", ""Sia"", ""IADeep"", ""Salus"", ""SRPT"", ""Gittins""]",31624.78536301598,14839.592746183556,26317.955187388572,160,1.0155131846666448,1.000479591827651,"{""hybrid_rl_resac_ant"": 5}"
q11_cpu_gpu_coupled,poisson,scheduleurm_sota_union_adaptive_scalarized,candidate_union,Scheduleurm + SOTA candidate action union,"[""Gavel"", ""Pollux"", ""Sia"", ""IADeep"", ""Salus"", ""SRPT"", ""Gittins""]",31141.67874974191,14832.47921037046,26101.67619167327,160,1.0,1.0,"{""hybrid_rl_resac_ant"": 5}"
q11_cpu_gpu_coupled,poisson,scheduleurm_sota_union_pareto_slack,candidate_union,Scheduleurm + SOTA candidate action union,"[""Gavel"", ""Pollux"", ""Sia"", ""IADeep"", ""Salus"", ""SRPT"", ""Gittins""]",31141.67874974191,14832.47921037046,26101.67619167327,160,1.0,1.0,"{""hybrid_rl_resac_ant"": 5}"
q11_cpu_gpu_coupled,poisson,scheduleurm_sota_union_makespan,candidate_union,Scheduleurm + SOTA candidate action union,"[""Gavel"", ""Pollux"", ""Sia"", ""IADeep"", ""Salus"", ""SRPT"", ""Gittins""]",31141.67874974191,14832.47921037046,26101.67619167327,160,1.0,1.0,"{""hybrid_rl_resac_ant"": 5}"
q11_cpu_gpu_coupled,poisson,scheduleurm_sota_union_mean_flow,candidate_union,Scheduleurm + SOTA candidate action union,"[""Gavel"", ""Pollux"", ""Sia"", ""IADeep"", ""Salus"", ""SRPT"", ""Gittins""]",31624.78536301598,14839.592746183556,26317.955187388572,160,1.0155131846666448,1.000479591827651,"{""hybrid_rl_resac_ant"": 5}"
hybrid_research_portfolio,static,legacy_fixed_caps,legacy,Scheduleurm legacy,[],23628.097344147314,4910.767956441394,14094.703964305181,496,1.0115232459867882,1.1616428754288808,"{""cpu_heavy_local_bench"": 9, ""gpu_cnn_torch_resnet50"": 3, ""gpu_heavy_jax_matmul"": 3, ""gpu_llm_distilgpt2"": 3, ""hybrid_rl_resac_ant"": 5}"
hybrid_research_portfolio,static,scheduleurm_sota_union_online_pareto_slack,candidate,Scheduleurm theorem-facing online candidate,[],23358.926685957675,4227.43345679999,14175.962983392292,496,1.0,1.0,"{""cpu_heavy_local_bench"": 8, ""gpu_cnn_torch_resnet50"": 4, ""gpu_heavy_jax_matmul"": 1, ""gpu_llm_distilgpt2"": 8, ""hybrid_rl_resac_ant"": 5}"
hybrid_research_portfolio,static,sota_gavel_pollux_sia_table_goodput,sota_style,throughput_table_goodput,"[""Gavel"", ""Pollux"", ""Sia"", ""Optimus"", ""AlloX""]",23482.62528536611,4227.833377941199,14175.962983392292,496,1.0052955600688107,1.0000946014042078,"{""cpu_heavy_local_bench"": 8, ""gpu_cnn_torch_resnet50"": 4, ""gpu_heavy_jax_matmul"": 1, ""gpu_llm_distilgpt2"": 8, ""hybrid_rl_resac_ant"": 5}"
hybrid_research_portfolio,static,sota_srpt_gittins_mean_flow_oracle,sota_style,delay_oracle,"[""SRPT"", ""Gittins"", ""SERPT""]",23482.62528536611,4227.833377941199,14175.962983392292,496,1.0052955600688107,1.0000946014042078,"{""cpu_heavy_local_bench"": 8, ""gpu_cnn_torch_resnet50"": 4, ""gpu_heavy_jax_matmul"": 1, ""gpu_llm_distilgpt2"": 8, ""hybrid_rl_resac_ant"": 5}"
hybrid_research_portfolio,static,sota_iadeep_salus_interference_guard,sota_style,interference_guard,"[""IADeep"", ""Salus""]",23973.877687337423,4234.981638616241,14347.346324560833,496,1.0263261668503556,1.0017855235081488,"{""cpu_heavy_local_bench"": 8, ""gpu_cnn_torch_resnet50"": 5, ""gpu_heavy_jax_matmul"": 1, ""gpu_llm_distilgpt2"": 8, ""hybrid_rl_resac_ant"": 5}"
hybrid_research_portfolio,static,sota_quadrant_composite,sota_style,quadrant_composite,"[""Gavel/Pollux/Sia"", ""IADeep/Salus"", ""SRPT/Gittins"", ""Tiresias-style LAS"", ""AlloX/Optimus resource adaptation""]",23482.62528536611,4227.833377941199,14175.962983392292,496,1.0052955600688107,1.0000946014042078,"{""cpu_heavy_local_bench"": 8, ""gpu_cnn_torch_resnet50"": 4, ""gpu_heavy_jax_matmul"": 1, ""gpu_llm_distilgpt2"": 8, ""hybrid_rl_resac_ant"": 5}"
hybrid_research_portfolio,static,sota_gavel_finish_time_fairness,sota_style,finish_time_fairness,"[""Gavel"", ""Themis"", ""Shockwave"", ""Tiresias-style LAS""]",23358.926685957675,4227.433381155573,14175.962983392292,496,1.0,0.9999999821063021,"{""cpu_heavy_local_bench"": 8, ""gpu_cnn_torch_resnet50"": 4, ""gpu_heavy_jax_matmul"": 1, ""gpu_llm_distilgpt2"": 8, ""hybrid_rl_resac_ant"": 5}"
hybrid_research_portfolio,static,sota_sia_pollux_resource_adaptive,sota_style,resource_adaptive_goodput,"[""Sia"", ""Pollux"", ""Optimus"", ""AlloX""]",23358.926685957675,4227.433381155573,14175.962983392292,496,1.0,0.9999999821063021,"{""cpu_heavy_local_bench"": 8, ""gpu_cnn_torch_resnet50"": 4, ""gpu_heavy_jax_matmul"": 1, ""gpu_llm_distilgpt2"": 8, ""hybrid_rl_resac_ant"": 5}"
hybrid_research_portfolio,static,sota_salus_iadeep_packing_guard,sota_style,packing_guard,"[""Salus"", ""IADeep"", ""Gandiva"", ""AlloX""]",23358.926685957675,4227.433381155573,14175.962983392292,496,1.0,0.9999999821063021,"{""cpu_heavy_local_bench"": 8, ""gpu_cnn_torch_resnet50"": 4, ""gpu_heavy_jax_matmul"": 1, ""gpu_llm_distilgpt2"": 8, ""hybrid_rl_resac_ant"": 5}"
hybrid_research_portfolio,static,scheduleurm_sota_union_guarded_mean_flow,candidate_union,Scheduleurm + SOTA candidate action union,"[""Gavel"", ""Pollux"", ""Sia"", ""IADeep"", ""Salus"", ""SRPT"", ""Gittins""]",23394.21548044336,4225.930814758104,14347.346324560833,496,1.0015107198614095,0.9996445498061077,"{""cpu_heavy_local_bench"": 8, ""gpu_cnn_torch_resnet50"": 5, ""gpu_heavy_jax_matmul"": 1, ""gpu_llm_distilgpt2"": 8, ""hybrid_rl_resac_ant"": 5}"
hybrid_research_portfolio,static,scheduleurm_sota_union_adaptive_scalarized,candidate_union,Scheduleurm + SOTA candidate action union,"[""Gavel"", ""Pollux"", ""Sia"", ""IADeep"", ""Salus"", ""SRPT"", ""Gittins""]",23394.21548044336,4225.930814758104,14347.346324560833,496,1.0015107198614095,0.9996445498061077,"{""cpu_heavy_local_bench"": 8, ""gpu_cnn_torch_resnet50"": 5, ""gpu_heavy_jax_matmul"": 1, ""gpu_llm_distilgpt2"": 8, ""hybrid_rl_resac_ant"": 5}"
hybrid_research_portfolio,static,scheduleurm_sota_union_pareto_slack,candidate_union,Scheduleurm + SOTA candidate action union,"[""Gavel"", ""Pollux"", ""Sia"", ""IADeep"", ""Salus"", ""SRPT"", ""Gittins""]",23358.926685957675,4227.43345679999,14175.962983392292,496,1.0,1.0,"{""cpu_heavy_local_bench"": 8, ""gpu_cnn_torch_resnet50"": 4, ""gpu_heavy_jax_matmul"": 1, ""gpu_llm_distilgpt2"": 8, ""hybrid_rl_resac_ant"": 5}"
hybrid_research_portfolio,static,scheduleurm_sota_union_makespan,candidate_union,Scheduleurm + SOTA candidate action union,"[""Gavel"", ""Pollux"", ""Sia"", ""IADeep"", ""Salus"", ""SRPT"", ""Gittins""]",23394.21548044336,4225.930814758104,14347.346324560833,496,1.0015107198614095,0.9996445498061077,"{""cpu_heavy_local_bench"": 8, ""gpu_cnn_torch_resnet50"": 5, ""gpu_heavy_jax_matmul"": 1, ""gpu_llm_distilgpt2"": 8, ""hybrid_rl_resac_ant"": 5}"
hybrid_research_portfolio,static,scheduleurm_sota_union_mean_flow,candidate_union,Scheduleurm + SOTA candidate action union,"[""Gavel"", ""Pollux"", ""Sia"", ""IADeep"", ""Salus"", ""SRPT"", ""Gittins""]",23358.926685957675,4227.433381155573,14175.962983392292,496,1.0,0.9999999821063021,"{""cpu_heavy_local_bench"": 8, ""gpu_cnn_torch_resnet50"": 4, ""gpu_heavy_jax_matmul"": 1, ""gpu_llm_distilgpt2"": 8, ""hybrid_rl_resac_ant"": 5}"
hybrid_research_portfolio,poisson,legacy_fixed_caps,legacy,Scheduleurm legacy,[],23870.51007406014,3617.2433485511874,13091.564531836479,496,1.0169678037577703,1.2232683809616314,"{""cpu_heavy_local_bench"": 9, ""gpu_cnn_torch_resnet50"": 3, ""gpu_heavy_jax_matmul"": 3, ""gpu_llm_distilgpt2"": 3, ""hybrid_rl_resac_ant"": 5}"
hybrid_research_portfolio,poisson,scheduleurm_sota_union_online_pareto_slack,candidate,Scheduleurm theorem-facing online candidate,[],23472.237750159704,2957.0316742002383,13189.261551186708,496,1.0,1.0,"{""cpu_heavy_local_bench"": 8, ""gpu_cnn_torch_resnet50"": 1, ""gpu_heavy_jax_matmul"": 1, ""gpu_llm_distilgpt2"": 8, ""hybrid_rl_resac_ant"": 5}"
hybrid_research_portfolio,poisson,sota_gavel_pollux_sia_table_goodput,sota_style,throughput_table_goodput,"[""Gavel"", ""Pollux"", ""Sia"", ""Optimus"", ""AlloX""]",23719.894217009416,2959.668755197992,13007.097070465448,496,1.0105510377615372,1.000891800050964,"{""cpu_heavy_local_bench"": 8, ""gpu_cnn_torch_resnet50"": 4, ""gpu_heavy_jax_matmul"": 1, ""gpu_llm_distilgpt2"": 8, ""hybrid_rl_resac_ant"": 5}"
hybrid_research_portfolio,poisson,sota_srpt_gittins_mean_flow_oracle,sota_style,delay_oracle,"[""SRPT"", ""Gittins"", ""SERPT""]",23719.894217009416,2959.668755197992,13007.097070465448,496,1.0105510377615372,1.000891800050964,"{""cpu_heavy_local_bench"": 8, ""gpu_cnn_torch_resnet50"": 4, ""gpu_heavy_jax_matmul"": 1, ""gpu_llm_distilgpt2"": 8, ""hybrid_rl_resac_ant"": 5}"
hybrid_research_portfolio,poisson,sota_iadeep_salus_interference_guard,sota_style,interference_guard,"[""IADeep"", ""Salus""]",23784.10545301091,2961.7397264603946,13105.522071676416,496,1.0132866625743464,1.0015921548291935,"{""cpu_heavy_local_bench"": 8, ""gpu_cnn_torch_resnet50"": 1, ""gpu_heavy_jax_matmul"": 1, ""gpu_llm_distilgpt2"": 1, ""hybrid_rl_resac_ant"": 5}"
hybrid_research_portfolio,poisson,sota_quadrant_composite,sota_style,quadrant_composite,"[""Gavel/Pollux/Sia"", ""IADeep/Salus"", ""SRPT/Gittins"", ""Tiresias-style LAS"", ""AlloX/Optimus resource adaptation""]",23719.894217009416,2959.668755197992,13007.097070465448,496,1.0105510377615372,1.000891800050964,"{""cpu_heavy_local_bench"": 8, ""gpu_cnn_torch_resnet50"": 4, ""gpu_heavy_jax_matmul"": 1, ""gpu_llm_distilgpt2"": 8, ""hybrid_rl_resac_ant"": 5}"
hybrid_research_portfolio,poisson,sota_gavel_finish_time_fairness,sota_style,finish_time_fairness,"[""Gavel"", ""Themis"", ""Shockwave"", ""Tiresias-style LAS""]",23472.237750159704,2957.015968772371,13189.261551186708,496,1.0,0.9999946887860538,"{""cpu_heavy_local_bench"": 8, ""gpu_cnn_torch_resnet50"": 1, ""gpu_heavy_jax_matmul"": 1, ""gpu_llm_distilgpt2"": 1, ""hybrid_rl_resac_ant"": 5}"
hybrid_research_portfolio,poisson,sota_sia_pollux_resource_adaptive,sota_style,resource_adaptive_goodput,"[""Sia"", ""Pollux"", ""Optimus"", ""AlloX""]",23472.237750159704,2957.015968772371,13189.261551186708,496,1.0,0.9999946887860538,"{""cpu_heavy_local_bench"": 8, ""gpu_cnn_torch_resnet50"": 1, ""gpu_heavy_jax_matmul"": 1, ""gpu_llm_distilgpt2"": 1, ""hybrid_rl_resac_ant"": 5}"
hybrid_research_portfolio,poisson,sota_salus_iadeep_packing_guard,sota_style,packing_guard,"[""Salus"", ""IADeep"", ""Gandiva"", ""AlloX""]",23472.237750159704,2957.015968772371,13189.261551186708,496,1.0,0.9999946887860538,"{""cpu_heavy_local_bench"": 8, ""gpu_cnn_torch_resnet50"": 1, ""gpu_heavy_jax_matmul"": 1, ""gpu_llm_distilgpt2"": 1, ""hybrid_rl_resac_ant"": 5}"
hybrid_research_portfolio,poisson,scheduleurm_sota_union_guarded_mean_flow,candidate_union,Scheduleurm + SOTA candidate action union,"[""Gavel"", ""Pollux"", ""Sia"", ""IADeep"", ""Salus"", ""SRPT"", ""Gittins""]",23472.237750159704,2957.015968772371,13189.261551186708,496,1.0,0.9999946887860538,"{""cpu_heavy_local_bench"": 8, ""gpu_cnn_torch_resnet50"": 1, ""gpu_heavy_jax_matmul"": 1, ""gpu_llm_distilgpt2"": 1, ""hybrid_rl_resac_ant"": 5}"
hybrid_research_portfolio,poisson,scheduleurm_sota_union_adaptive_scalarized,candidate_union,Scheduleurm + SOTA candidate action union,"[""Gavel"", ""Pollux"", ""Sia"", ""IADeep"", ""Salus"", ""SRPT"", ""Gittins""]",23472.237750159704,2957.015968772371,13189.261551186708,496,1.0,0.9999946887860538,"{""cpu_heavy_local_bench"": 8, ""gpu_cnn_torch_resnet50"": 1, ""gpu_heavy_jax_matmul"": 1, ""gpu_llm_distilgpt2"": 1, ""hybrid_rl_resac_ant"": 5}"
hybrid_research_portfolio,poisson,scheduleurm_sota_union_pareto_slack,candidate_union,Scheduleurm + SOTA candidate action union,"[""Gavel"", ""Pollux"", ""Sia"", ""IADeep"", ""Salus"", ""SRPT"", ""Gittins""]",23472.237750159704,2957.0316742002383,13189.261551186708,496,1.0,1.0,"{""cpu_heavy_local_bench"": 8, ""gpu_cnn_torch_resnet50"": 1, ""gpu_heavy_jax_matmul"": 1, ""gpu_llm_distilgpt2"": 8, ""hybrid_rl_resac_ant"": 5}"
hybrid_research_portfolio,poisson,scheduleurm_sota_union_makespan,candidate_union,Scheduleurm + SOTA candidate action union,"[""Gavel"", ""Pollux"", ""Sia"", ""IADeep"", ""Salus"", ""SRPT"", ""Gittins""]",23472.237750159704,2957.015968772371,13189.261551186708,496,1.0,0.9999946887860538,"{""cpu_heavy_local_bench"": 8, ""gpu_cnn_torch_resnet50"": 1, ""gpu_heavy_jax_matmul"": 1, ""gpu_llm_distilgpt2"": 1, ""hybrid_rl_resac_ant"": 5}"
hybrid_research_portfolio,poisson,scheduleurm_sota_union_mean_flow,candidate_union,Scheduleurm + SOTA candidate action union,"[""Gavel"", ""Pollux"", ""Sia"", ""IADeep"", ""Salus"", ""SRPT"", ""Gittins""]",23472.237750159704,2957.015968772371,13189.261551186708,496,1.0,0.9999946887860538,"{""cpu_heavy_local_bench"": 8, ""gpu_cnn_torch_resnet50"": 1, ""gpu_heavy_jax_matmul"": 1, ""gpu_llm_distilgpt2"": 1, ""hybrid_rl_resac_ant"": 5}"
